{"ResultSet":{
"totalResultsAvailable":"110",
"totalResultsReturned":10,
"firstResultPosition":1,
"Result":[
  {
  "Title":"capa-jquery.jpg",
  "Summary":"O que \u00e9 jQuery? No dia 22 de agosto de 2005 John Resig , um desenvolvedor americano profundo   conhecedor de JavaScript, autor do livro Pro JavaScript Techniques , membro da Corpora\u00e7\u00e3o Mozilla e graduado em",
  "Url":"http:\/\/i79.photobucket.com\/albums\/j152\/maujor\/blog\/capa-jquery.jpg",
  "ClickUrl":"http:\/\/i79.photobucket.com\/albums\/j152\/maujor\/blog\/capa-jquery.jpg",
  "RefererUrl":"http:\/\/www.maujor.com\/blog",
  "FileSize":29900,
  "FileFormat":"jpeg",
  "Height":"355",
  "Width":"273",
    "Thumbnail": {
    "Url":"http:\/\/thm-a01.yimg.com\/image\/714ed8498e091266",
    "Height":"135",
    "Width":"103"
    }
  },

  {
  "Title":"foto-hcard.jpg",
  "Summary":"Eu e meu netinho. Mauricio Samy Silva [maujorcss[arroba]maujor.com ]",  "Url":"http:\/\/i79.photobucket.com\/albums\/j152\/maujor\/foto-hcard.jpg",	 
  "ClickUrl":"http:\/\/i79.photobucket.com\/albums\/j152\/maujor\/foto-hcard.jpg",
  "RefererUrl":"http:\/\/www.maujor.com\/tutorial\/boxshadow.php",  "FileSize":49356,
  "FileFormat":"jpeg",
  "Height":"300",
  "Width":"400",
    "Thumbnail":{  
	"Url":"http:\/\/thm-a02.yimg.com\/image\/13e087d5099c9b88",
    "Height":"101",
    "Width":"135"
    }
  },

  {
  ...
]}}