{"ResultSet":{"totalResultsAvailable":"110","totalResultsReturned":10,"firstResultPosition":1,"Result":[{"Title":"capa-jquery.jpg","Summary":"O que \u00e9 jQuery? No dia 22 de agosto de 2005 John Resig , um desenvolvedor americano profundo conhecedor de JavaScript, autor do livro Pro JavaScript Techniques , membro da Corpora\u00e7\u00e3o Mozilla e graduado em","Url":"http:\/\/i79.photobucket.com\/albums\/j152\/maujor\/blog\/capa-jquery.jpg","ClickUrl":"http:\/\/i79.photobucket.com\/albums\/j152\/maujor\/blog\/capa-jquery.jpg","RefererUrl":"http:\/\/www.maujor.com\/blog","FileSize":29900,"FileFormat":"jpeg","Height":"355","Width":"273","Thumbnail":{"Url":"http:\/\/thm-a01.yimg.com\/image\/714ed8498e091266","Height":"135","Width":"103"}},{"Title":"foto-hcard.jpg","Summary":"Eu e meu netinho. Mauricio Samy Silva [maujorcss[arroba]maujor.com ]","Url":"http:\/\/i79.photobucket.com\/albums\/j152\/maujor\/foto-hcard.jpg","ClickUrl":"http:\/\/i79.photobucket.com\/albums\/j152\/maujor\/foto-hcard.jpg","RefererUrl":"http:\/\/www.maujor.com\/tutorial\/boxshadow.php","FileSize":49356,"FileFormat":"jpeg","Height":"300","Width":"400","Thumbnail":{"Url":"http:\/\/thm-a02.yimg.com\/image\/13e087d5099c9b88","Height":"101","Width":"135"}},{"Title":"subdiretorio.gif","Summary":") que faz funcionar o menu. Agora abra o subdiret\u00f3rio imagens-menu-maujor , e voc\u00ea ver\u00e1 algo parecido com o mostrado abaixo: Aqui est\u00e3o gravadas as imagens do menu. Voc\u00ea pode fazer algumas experi\u00eancias interessantes, mudando as imagens geradas. Mas n\u00e3o altere as","Url":"http:\/\/conteudo.imasters.com.br\/4457\/subdiretorio.gif","ClickUrl":"http:\/\/conteudo.imasters.com.br\/4457\/subdiretorio.gif","RefererUrl":"http:\/\/imasters.uol.com.br\/artigo\/4457\/fireworks\/construcao_de_menu_pop-up_-_parte_03","FileSize":6041,"FileFormat":"gif","Height":"204","Width":"393","Thumbnail":{"Url":"http:\/\/thm-a01.yimg.com\/image\/5e63f9f10859e5d2","Height":"70","Width":"135"}},{"Title":"3685718_thumbnail.jpg","Summary":"","Url":"http:\/\/www.browsercam.com\/projects\/191529\/3685718_thumbnail.jpg","ClickUrl":"http:\/\/www.browsercam.com\/projects\/191529\/3685718_thumbnail.jpg","RefererUrl":"http:\/\/www.browsercam.com\/public.aspx?proj_id=191529","FileSize":21606,"FileFormat":"jpeg","Height":"150","Width":"200","Thumbnail":{"Url":"http:\/\/thm-a02.yimg.com\/image\/dce15f1ebf43b196","Height":"93","Width":"125"}},{"Title":"chuva1.jpg","Summary":"Nota: Tirei a foto da janela do meu escrit\u00f3rio e a praia ao fundo \u00e9 Copacabana. S\u00e3o 14:00h, hoje \u00e9 o primeiro dia de inverno do ano 2005 e o tempo est\u00e1 nublado e com chuva.","Url":"http:\/\/i79.photobucket.com\/albums\/j152\/maujor\/fw\/chuva1.jpg","ClickUrl":"http:\/\/i79.photobucket.com\/albums\/j152\/maujor\/fw\/chuva1.jpg","RefererUrl":"http:\/\/www.maujor.com\/fw\/chuvafw.php","FileSize":11059,"FileFormat":"jpeg","Height":"180","Width":"350","Thumbnail":{"Url":"http:\/\/thm-a01.yimg.com\/image\/b38bfbee8db7e916","Height":"69","Width":"135"}},{"Title":"eric-book.jpg","Summary":"Redesign do Blog . O Maujor est\u00e1 lan\u00e7ando um desafio e oferece como pr\u00eamio ao primeiro colocado um exemplar do livro","Url":"http:\/\/i79.photobucket.com\/albums\/j152\/maujor\/blog\/eric-book.jpg","ClickUrl":"http:\/\/i79.photobucket.com\/albums\/j152\/maujor\/blog\/eric-book.jpg","RefererUrl":"http:\/\/www.maujor.com\/blog\/2006\/07\/07\/desafio-blog-maujor","FileSize":7270,"FileFormat":"jpeg","Height":"212","Width":"169","Thumbnail":{"Url":"http:\/\/thm-a02.yimg.com\/image\/a87f454f83edf240","Height":"130","Width":"103"}},{"Title":"3685715_thumbnail.jpg","Summary":"","Url":"http:\/\/www.browsercam.com\/projects\/191529\/3685715_thumbnail.jpg","ClickUrl":"http:\/\/www.browsercam.com\/projects\/191529\/3685715_thumbnail.jpg","RefererUrl":"http:\/\/www.browsercam.com\/public.aspx?proj_id=191529","FileSize":21196,"FileFormat":"jpeg","Height":"150","Width":"200","Thumbnail":{"Url":"http:\/\/thm-a01.yimg.com\/image\/39662c5a0c9c78dc","Height":"93","Width":"125"}},{"Title":"38.jpg","Summary":"Voltar para navega\u00e7\u00e3o individual pelos trabalhos.","Url":"http:\/\/i79.photobucket.com\/albums\/j152\/maujor\/blog\/38.jpg","ClickUrl":"http:\/\/i79.photobucket.com\/albums\/j152\/maujor\/blog\/38.jpg","RefererUrl":"http:\/\/www.maujor.com\/blog\/temp\/desafio\/todos.php","FileSize":30208,"FileFormat":"jpeg","Height":"180","Width":"760","Thumbnail":{"Url":"http:\/\/thm-a02.yimg.com\/image\/0dae5c7cfbf385e4","Height":"35","Width":"150"}},{"Title":"3685712_thumbnail.jpg","Summary":"","Url":"http:\/\/www.browsercam.com\/projects\/191529\/3685712_thumbnail.jpg","ClickUrl":"http:\/\/www.browsercam.com\/projects\/191529\/3685712_thumbnail.jpg","RefererUrl":"http:\/\/www.browsercam.com\/public.aspx?proj_id=191529","FileSize":23961,"FileFormat":"jpeg","Height":"150","Width":"200","Thumbnail":{"Url":"http:\/\/thm-a01.yimg.com\/image\/0cfbaf206c4fe37c","Height":"93","Width":"125"}},{"Title":"3685711_thumbnail.jpg","Summary":"","Url":"http:\/\/www.browsercam.com\/projects\/191529\/3685711_thumbnail.jpg","ClickUrl":"http:\/\/www.browsercam.com\/projects\/191529\/3685711_thumbnail.jpg","RefererUrl":"http:\/\/www.browsercam.com\/public.aspx?proj_id=191529","FileSize":27443,"FileFormat":"jpeg","Height":"150","Width":"200","Thumbnail":{"Url":"http:\/\/thm-a02.yimg.com\/image\/d5ed7b4c3eb6239e","Height":"93","Width":"125"}}]}}