[{"in_reply_to_screen_name":null,"in_reply_to_status_id":null,"created_at":"Sat May 23 22:18:04 +0000 2009","user":{"created_at":"Tue Dec 02 00:17:07 +0000 2008","description":"Um dinossauro apaixonado por Padr\u00f5es Web.","utc_offset":-10800,"profile_image_url":"http:\/\/s3.amazonaws.com\/twitter_production\/profile_images\/82965021\/maujor320x320_normal.jpg","notifications":false,"statuses_count":177,"profile_text_color":"663B12","profile_background_image_url":"http:\/\/static.twitter.com\/images\/themes\/theme2\/bg.gif","screen_name":"maujor","time_zone":"Brasilia","profile_link_color":"1F98C7","followers_count":906,"url":"http:\/\/www.maujor.com\/blog","name":"maujor","profile_background_tile":false,"protected":false,"friends_count":15,"profile_background_color":"C6E2EE","following":false,"favourites_count":0,"profile_sidebar_fill_color":"DAECF4","location":"Rio de Janeiro, Copacabana - B","id":17793871,"profile_sidebar_border_color":"C6E2EE"},"truncated":false,"text":"Maujor estar\u00e1 no 14EDTED de Curitiba no dia 06\/junho.Chego \u00e0s 11:00h saio \u00e0s 16:00","in_reply_to_user_id":null,"favorited":false,"id":1897153144,"source":"<a href=\"http:\/\/twitterfox.net\/\">TwitterFox<\/a>"},{"in_reply_to_screen_name":"hadesjunior","in_reply_to_status_id":null,"created_at":"Sat May 23 22:16:26 +0000 2009","user":{"notifications":null,"statuses_count":176,"created_at":"Tue Dec 02 00:17:07 +0000 2008","description":"Um dinossauro apaixonado por Padr\u00f5es Web.","utc_offset":-10800,"followers_count":906,"profile_image_url":"http:\/\/s3.amazonaws.com\/twitter_production\/profile_images\/82965021\/maujor320x320_normal.jpg","profile_text_color":"663B12","profile_background_image_url":"http:\/\/static.twitter.com\/images\/themes\/theme2\/bg.gif","friends_count":15,"screen_name":"maujor","time_zone":"Brasilia","profile_link_color":"1F98C7","url":"http:\/\/www.maujor.com\/blog","name":"maujor","profile_background_tile":false,"favourites_count":0,"protected":false,"profile_background_color":"C6E2EE","following":null,"profile_sidebar_fill_color":"DAECF4","location":"Rio de Janeiro, Copacabana - B","id":17793871,"profile_sidebar_border_color":"C6E2EE"},"truncated":false,"text":"@hadesjunior Maujor estar\u00e1 em todos os EDTED promovendo seus livros. Mas, devido a compromissos s\u00f3 posso confirmar presen\u00e7a 2 semanas antes.","in_reply_to_user_id":16902981,"favorited":false,"id":1897141361,"source":"<a href=\"http:\/\/twitterfox.net\/\">TwitterFox<\/a>"},{"created_at":"Sat May 23 20:22:36 +0000 2009","favorited":false,"user":{"favourites_count":0,"created_at":"Tue Dec 02 00:17:07 +0000 2008","profile_sidebar_fill_color":"DAECF4","description":"Um dinossauro apaixonado por Padr\u00f5es Web.","utc_offset":-10800,"profile_image_url":"http:\/\/s3.amazonaws.com\/twitter_production\/profile_images\/82965021\/maujor320x320_normal.jpg","profile_sidebar_border_color":"C6E2EE","screen_name":"maujor","url":"http:\/\/www.maujor.com\/blog","name":"maujor","profile_text_color":"663B12","protected":false,"profile_background_image_url":"http:\/\/static.twitter.com\/images\/themes\/theme2\/bg.gif","following":false,"statuses_count":175,"time_zone":"Brasilia","profile_link_color":"1F98C7","followers_count":906,"profile_background_tile":false,"notifications":false,"friends_count":15,"profile_background_color":"C6E2EE","location":"Rio de Janeiro, Copacabana - B","id":17793871},"in_reply_to_screen_name":null,"in_reply_to_status_id":null,"text":"Aos participantes do 14EDTED na minha bela e Santa Catarina um abra\u00e7\u00e3o do Maujor. Queria poder estar a\u00ed com voc\u00eas.","truncated":false,"id":1896276213,"in_reply_to_user_id":null,"source":"<a href=\"http:\/\/twitterfox.net\/\">TwitterFox<\/a>"},{"in_reply_to_screen_name":"mumapu","user":{"favourites_count":0,"description":"Um dinossauro apaixonado por Padr\u00f5es Web.","utc_offset":-10800,"profile_sidebar_fill_color":"DAECF4","notifications":null,"statuses_count":174,"created_at":"Tue Dec 02 00:17:07 +0000 2008","profile_sidebar_border_color":"C6E2EE","url":"http:\/\/www.maujor.com\/blog","profile_image_url":"http:\/\/s3.amazonaws.com\/twitter_production\/profile_images\/82965021\/maujor320x320_normal.jpg","name":"maujor","followers_count":901,"protected":false,"profile_text_color":"663B12","screen_name":"maujor","following":null,"profile_background_image_url":"http:\/\/static.twitter.com\/images\/themes\/theme2\/bg.gif","friends_count":15,"time_zone":"Brasilia","profile_link_color":"1F98C7","profile_background_tile":false,"location":"Rio de Janeiro, Copacabana - B","id":17793871,"profile_background_color":"C6E2EE"},"in_reply_to_status_id":null,"created_at":"Fri May 22 20:48:54 +0000 2009","truncated":false,"text":"@mumapu Previs\u00e3o de lan\u00e7amento do livro AJAX com jQuery: final de julho\/2009","in_reply_to_user_id":41251907,"id":1886655552,"favorited":false,"source":"<a href=\"http:\/\/twitterfox.net\/\">TwitterFox<\/a>"},{"in_reply_to_screen_name":null,"user":{"friends_count":15,"description":"Um dinossauro apaixonado por Padr\u00f5es Web.","notifications":false,"statuses_count":173,"utc_offset":-10800,"profile_sidebar_fill_color":"DAECF4","favourites_count":0,"created_at":"Tue Dec 02 00:17:07 +0000 2008","profile_sidebar_border_color":"C6E2EE","url":"http:\/\/www.maujor.com\/blog","profile_image_url":"http:\/\/s3.amazonaws.com\/twitter_production\/profile_images\/82965021\/maujor320x320_normal.jpg","name":"maujor","protected":false,"profile_text_color":"663B12","screen_name":"maujor","following":false,"profile_background_image_url":"http:\/\/static.twitter.com\/images\/themes\/theme2\/bg.gif","time_zone":"Brasilia","profile_link_color":"1F98C7","profile_background_tile":false,"followers_count":901,"location":"Rio de Janeiro, Copacabana - B","id":17793871,"profile_background_color":"C6E2EE"},"in_reply_to_status_id":null,"created_at":"Fri May 22 20:42:45 +0000 2009","truncated":false,"text":"ops! impress\u00e3o antes que algu\u00e9m corrija","in_reply_to_user_id":null,"id":1886596048,"favorited":false,"source":"<a href=\"http:\/\/twitterfox.net\/\">TwitterFox<\/a>"},{"in_reply_to_status_id":null,"created_at":"Fri May 22 20:39:03 +0000 2009","user":{"created_at":"Tue Dec 02 00:17:07 +0000 2008","profile_sidebar_border_color":"C6E2EE","followers_count":901,"description":"Um dinossauro apaixonado por Padr\u00f5es Web.","utc_offset":-10800,"profile_image_url":"http:\/\/s3.amazonaws.com\/twitter_production\/profile_images\/82965021\/maujor320x320_normal.jpg","notifications":false,"friends_count":15,"profile_text_color":"663B12","screen_name":"maujor","profile_background_image_url":"http:\/\/static.twitter.com\/images\/themes\/theme2\/bg.gif","favourites_count":0,"url":"http:\/\/www.maujor.com\/blog","name":"maujor","statuses_count":172,"time_zone":"Brasilia","profile_link_color":"1F98C7","protected":false,"profile_background_tile":false,"following":false,"profile_background_color":"C6E2EE","profile_sidebar_fill_color":"DAECF4","location":"Rio de Janeiro, Copacabana - B","id":17793871},"truncated":false,"in_reply_to_user_id":null,"text":"Enviado para a Editora os Cap\u00edtulos 1 at\u00e9 5 e mais 5 Ap\u00eandices. In\u00edcio do processo de revis\u00e3o de portugu\u00eas e formata\u00e7\u00e3o para impres\u00e3o.","favorited":false,"in_reply_to_screen_name":null,"id":1886560184,"source":"<a href=\"http:\/\/twitterfox.net\/\">TwitterFox<\/a>"},{"in_reply_to_screen_name":null,"user":{"description":"Um dinossauro apaixonado por Padr\u00f5es Web.","utc_offset":-10800,"profile_sidebar_fill_color":"DAECF4","created_at":"Tue Dec 02 00:17:07 +0000 2008","profile_sidebar_border_color":"C6E2EE","followers_count":900,"url":"http:\/\/www.maujor.com\/blog","profile_image_url":"http:\/\/s3.amazonaws.com\/twitter_production\/profile_images\/82965021\/maujor320x320_normal.jpg","name":"maujor","notifications":null,"friends_count":15,"protected":false,"profile_text_color":"663B12","screen_name":"maujor","following":null,"profile_background_image_url":"http:\/\/static.twitter.com\/images\/themes\/theme2\/bg.gif","favourites_count":0,"statuses_count":171,"time_zone":"Brasilia","profile_link_color":"1F98C7","profile_background_tile":false,"location":"Rio de Janeiro, Copacabana - B","id":17793871,"profile_background_color":"C6E2EE"},"in_reply_to_status_id":null,"created_at":"Fri May 22 20:31:52 +0000 2009","truncated":false,"text":"Acabei de escrever o Ap\u00eandice A do livro AJAX com jQuery. Assunto: Guia de consulta r\u00e1pida a todos os m\u00e9todos da jQuery .","in_reply_to_user_id":null,"id":1886490903,"favorited":false,"source":"<a href=\"http:\/\/twitterfox.net\/\">TwitterFox<\/a>"},{"favorited":false,"user":{"notifications":null,"friends_count":15,"profile_sidebar_fill_color":"DAECF4","description":"Um dinossauro apaixonado por Padr\u00f5es Web.","utc_offset":-10800,"favourites_count":0,"profile_sidebar_border_color":"C6E2EE","created_at":"Tue Dec 02 00:17:07 +0000 2008","url":"http:\/\/www.maujor.com\/blog","profile_image_url":"http:\/\/s3.amazonaws.com\/twitter_production\/profile_images\/82965021\/maujor320x320_normal.jpg","name":"maujor","profile_text_color":"663B12","protected":false,"profile_background_image_url":"http:\/\/static.twitter.com\/images\/themes\/theme2\/bg.gif","screen_name":"maujor","following":null,"statuses_count":177,"time_zone":"Brasilia","profile_link_color":"1F98C7","profile_background_tile":false,"profile_background_color":"C6E2EE","followers_count":905,"location":"Rio de Janeiro, Copacabana - B","id":17793871},"in_reply_to_screen_name":"cabide","in_reply_to_status_id":null,"created_at":"Fri May 22 18:51:54 +0000 2009","text":"@cabide Vi sobre c\u00f3digo de erros do servidor um artigo muito bom no Wikipedia. N\u00e3o tenho o link, mas com uma busca vc acha facil.","truncated":false,"id":1885489008,"in_reply_to_user_id":15657118,"source":"<a href=\"http:\/\/twitterfox.net\/\">TwitterFox<\/a>"},{"created_at":"Fri May 22 01:35:46 +0000 2009","in_reply_to_status_id":null,"user":{"created_at":"Tue Dec 02 00:17:07 +0000 2008","profile_text_color":"663B12","description":"Um dinossauro apaixonado por Padr\u00f5es Web.","profile_background_image_url":"http:\/\/static.twitter.com\/images\/themes\/theme2\/bg.gif","utc_offset":-10800,"profile_image_url":"http:\/\/s3.amazonaws.com\/twitter_production\/profile_images\/82965021\/maujor320x320_normal.jpg","time_zone":"Brasilia","profile_link_color":"1F98C7","profile_background_tile":false,"screen_name":"maujor","profile_background_color":"C6E2EE","url":"http:\/\/www.maujor.com\/blog","name":"maujor","favourites_count":0,"protected":false,"notifications":null,"statuses_count":169,"profile_sidebar_fill_color":"DAECF4","following":null,"profile_sidebar_border_color":"C6E2EE","followers_count":890,"location":"Rio de Janeiro, Copacabana - B","id":17793871,"friends_count":15},"truncated":false,"in_reply_to_user_id":null,"text":"Mat\u00e9ria do mestre @gustavoloureiro sobre orkut\/twitter\/marketing digital. http:\/\/tinyurl.com\/qvgmcd Interessante!","favorited":false,"id":1877602673,"in_reply_to_screen_name":null,"source":"web"},{"created_at":"Fri May 22 01:24:14 +0000 2009","in_reply_to_status_id":null,"user":{"created_at":"Tue Dec 02 00:17:07 +0000 2008","profile_text_color":"663B12","description":"Um dinossauro apaixonado por Padr\u00f5es Web.","profile_background_image_url":"http:\/\/static.twitter.com\/images\/themes\/theme2\/bg.gif","utc_offset":-10800,"profile_image_url":"http:\/\/s3.amazonaws.com\/twitter_production\/profile_images\/82965021\/maujor320x320_normal.jpg","time_zone":"Brasilia","profile_link_color":"1F98C7","profile_background_tile":false,"followers_count":888,"screen_name":"maujor","profile_background_color":"C6E2EE","url":"http:\/\/www.maujor.com\/blog","name":"maujor","friends_count":15,"protected":false,"notifications":false,"statuses_count":168,"profile_sidebar_fill_color":"DAECF4","following":false,"favourites_count":0,"profile_sidebar_border_color":"C6E2EE","location":"Rio de Janeiro, Copacabana - B","id":17793871},"truncated":false,"in_reply_to_user_id":9409442,"text":"@gustavoloureiro @gugaalves @cristinoweb Grato e um abra\u00e7\u00e3o para voc\u00eas.","favorited":false,"id":1877497859,"in_reply_to_screen_name":"gustavoloureiro","source":"<a href=\"http:\/\/twitterfox.net\/\">TwitterFox<\/a>"},{"in_reply_to_screen_name":null,"user":{"description":"Um dinossauro apaixonado por Padr\u00f5es Web.","utc_offset":-10800,"followers_count":881,"created_at":"Tue Dec 02 00:17:07 +0000 2008","profile_text_color":"663B12","notifications":false,"profile_background_image_url":"http:\/\/static.twitter.com\/images\/themes\/theme2\/bg.gif","friends_count":15,"profile_image_url":"http:\/\/s3.amazonaws.com\/twitter_production\/profile_images\/82965021\/maujor320x320_normal.jpg","statuses_count":167,"time_zone":"Brasilia","profile_link_color":"1F98C7","url":"http:\/\/www.maujor.com\/blog","name":"maujor","profile_background_tile":false,"favourites_count":0,"protected":false,"screen_name":"maujor","profile_background_color":"C6E2EE","profile_sidebar_fill_color":"DAECF4","following":false,"location":"Rio de Janeiro, Copacabana - B","id":17793871,"profile_sidebar_border_color":"C6E2EE"},"created_at":"Thu May 21 14:50:16 +0000 2009","in_reply_to_status_id":null,"truncated":false,"text":"Escrevendo Ap\u00eandice A do livro AJAX com jQuery. Assunto: Guia de consulta r\u00e1pida aos m\u00e9todos jQuery.","in_reply_to_user_id":null,"id":1871537539,"favorited":false,"source":"<a href=\"http:\/\/twitterfox.net\/\">TwitterFox<\/a>"},{"favorited":false,"user":{"notifications":null,"friends_count":15,"profile_sidebar_fill_color":"DAECF4","description":"Um dinossauro apaixonado por Padr\u00f5es Web.","utc_offset":-10800,"favourites_count":0,"profile_sidebar_border_color":"C6E2EE","created_at":"Tue Dec 02 00:17:07 +0000 2008","url":"http:\/\/www.maujor.com\/blog","profile_image_url":"http:\/\/s3.amazonaws.com\/twitter_production\/profile_images\/82965021\/maujor320x320_normal.jpg","name":"maujor","profile_text_color":"663B12","protected":false,"profile_background_image_url":"http:\/\/static.twitter.com\/images\/themes\/theme2\/bg.gif","screen_name":"maujor","following":null,"statuses_count":177,"time_zone":"Brasilia","profile_link_color":"1F98C7","profile_background_tile":false,"profile_background_color":"C6E2EE","followers_count":905,"location":"Rio de Janeiro, Copacabana - B","id":17793871},"in_reply_to_screen_name":"IgorMusardo","in_reply_to_status_id":null,"created_at":"Thu May 21 13:32:25 +0000 2009","text":"@IgorMusardo Combinado! Dia 06 no EDTED em Curitiba","truncated":false,"id":1870818092,"in_reply_to_user_id":17099951,"source":"<a href=\"http:\/\/twitterfox.net\/\">TwitterFox<\/a>"},{"favorited":false,"user":{"notifications":null,"friends_count":15,"profile_sidebar_fill_color":"DAECF4","description":"Um dinossauro apaixonado por Padr\u00f5es Web.","utc_offset":-10800,"favourites_count":0,"profile_sidebar_border_color":"C6E2EE","created_at":"Tue Dec 02 00:17:07 +0000 2008","url":"http:\/\/www.maujor.com\/blog","profile_image_url":"http:\/\/s3.amazonaws.com\/twitter_production\/profile_images\/82965021\/maujor320x320_normal.jpg","name":"maujor","profile_text_color":"663B12","protected":false,"profile_background_image_url":"http:\/\/static.twitter.com\/images\/themes\/theme2\/bg.gif","screen_name":"maujor","following":null,"statuses_count":177,"time_zone":"Brasilia","profile_link_color":"1F98C7","profile_background_tile":false,"profile_background_color":"C6E2EE","followers_count":905,"location":"Rio de Janeiro, Copacabana - B","id":17793871},"in_reply_to_screen_name":"mumapu","in_reply_to_status_id":null,"created_at":"Wed May 20 22:49:21 +0000 2009","text":"@mumapu Fa\u00e7a bom proveito do livro.","truncated":false,"id":1864547338,"in_reply_to_user_id":41251907,"source":"<a href=\"http:\/\/twitterfox.net\/\">TwitterFox<\/a>"},{"truncated":false,"user":{"profile_background_color":"C6E2EE","description":"Um dinossauro apaixonado por Padr\u00f5es Web.","utc_offset":-10800,"screen_name":"maujor","profile_sidebar_fill_color":"DAECF4","profile_sidebar_border_color":"C6E2EE","url":"http:\/\/www.maujor.com\/blog","name":"maujor","following":0,"protected":false,"followers_count":876,"profile_text_color":"663B12","notifications":false,"profile_background_image_url":"http:\/\/static.twitter.com\/images\/themes\/theme2\/bg.gif","friends_count":15,"statuses_count":164,"time_zone":"Brasilia","created_at":"Tue Dec 02 00:17:07 +0000 2008","profile_link_color":"1F98C7","location":"Rio de Janeiro, Copacabana - B","id":17793871,"profile_background_tile":false,"favourites_count":0,"profile_image_url":"http:\/\/s3.amazonaws.com\/twitter_production\/profile_images\/82965021\/maujor320x320_normal.jpg"},"in_reply_to_user_id":null,"favorited":false,"text":"http:\/\/twitpic.com\/5kiby - Maujor visita a Arteccom","in_reply_to_screen_name":null,"in_reply_to_status_id":null,"id":1862127432,"created_at":"Wed May 20 18:39:32 +0000 2009","source":"<a href=\"http:\/\/twitpic.com\/\">TwitPic<\/a>"},{"favorited":false,"user":{"notifications":null,"friends_count":15,"profile_sidebar_fill_color":"DAECF4","description":"Um dinossauro apaixonado por Padr\u00f5es Web.","utc_offset":-10800,"favourites_count":0,"profile_sidebar_border_color":"C6E2EE","created_at":"Tue Dec 02 00:17:07 +0000 2008","url":"http:\/\/www.maujor.com\/blog","profile_image_url":"http:\/\/s3.amazonaws.com\/twitter_production\/profile_images\/82965021\/maujor320x320_normal.jpg","name":"maujor","profile_text_color":"663B12","protected":false,"profile_background_image_url":"http:\/\/static.twitter.com\/images\/themes\/theme2\/bg.gif","screen_name":"maujor","following":null,"statuses_count":177,"time_zone":"Brasilia","profile_link_color":"1F98C7","profile_background_tile":false,"profile_background_color":"C6E2EE","followers_count":905,"location":"Rio de Janeiro, Copacabana - B","id":17793871},"in_reply_to_screen_name":"cabide","in_reply_to_status_id":null,"created_at":"Wed May 20 18:22:35 +0000 2009","text":"@cabide f\u00f3rum PHP =&gt; http:\/\/tinyurl.com\/ryerf4. @danimoscatelli te vejo no EDTED. @dellima @Zimiani devo ir a Bras\u00edlia tamb\u00e9m.","truncated":false,"id":1861943579,"in_reply_to_user_id":15657118,"source":"<a href=\"http:\/\/twitterfox.net\/\">TwitterFox<\/a>"},{"in_reply_to_status_id":null,"created_at":"Wed May 20 15:00:16 +0000 2009","user":{"profile_background_image_url":"http:\/\/static.twitter.com\/images\/themes\/theme2\/bg.gif","description":"Um dinossauro apaixonado por Padr\u00f5es Web.","time_zone":"Brasilia","utc_offset":-10800,"created_at":"Tue Dec 02 00:17:07 +0000 2008","profile_link_color":"1F98C7","profile_background_tile":false,"profile_image_url":"http:\/\/s3.amazonaws.com\/twitter_production\/profile_images\/82965021\/maujor320x320_normal.jpg","profile_background_color":"C6E2EE","favourites_count":0,"url":"http:\/\/www.maujor.com\/blog","screen_name":"maujor","name":"maujor","following":false,"notifications":false,"statuses_count":162,"profile_sidebar_fill_color":"DAECF4","protected":false,"profile_sidebar_border_color":"C6E2EE","followers_count":869,"friends_count":15,"location":"Rio de Janeiro, Copacabana - B","id":17793871,"profile_text_color":"663B12"},"truncated":false,"text":"Estarei em Curitiba no dia 06 de junho no 14 EDTED. Apare\u00e7a por l\u00e1. http:\/\/tinyurl.com\/qfetfl","in_reply_to_user_id":null,"favorited":false,"in_reply_to_screen_name":null,"id":1859926352,"source":"<a href=\"http:\/\/twitterfox.net\/\">TwitterFox<\/a>"},{"created_at":"Fri May 15 21:27:50 +0000 2009","favorited":false,"user":{"favourites_count":0,"created_at":"Tue Dec 02 00:17:07 +0000 2008","profile_sidebar_fill_color":"DAECF4","description":"Um dinossauro apaixonado por Padr\u00f5es Web.","utc_offset":-10800,"profile_image_url":"http:\/\/s3.amazonaws.com\/twitter_production\/profile_images\/82965021\/maujor320x320_normal.jpg","profile_sidebar_border_color":"C6E2EE","screen_name":"maujor","url":"http:\/\/www.maujor.com\/blog","name":"maujor","profile_text_color":"663B12","protected":false,"profile_background_image_url":"http:\/\/static.twitter.com\/images\/themes\/theme2\/bg.gif","following":0,"statuses_count":174,"time_zone":"Brasilia","profile_link_color":"1F98C7","followers_count":906,"profile_background_tile":false,"notifications":false,"friends_count":15,"profile_background_color":"C6E2EE","location":"Rio de Janeiro, Copacabana - B","id":17793871},"in_reply_to_screen_name":null,"in_reply_to_status_id":null,"text":"RT: @novateceditora: Lan\u00e7amento \"SEM e SEO - Dominando o Marketing de Busca\", por Martha Carrer Cruz Gabriel - http:\/\/tinyurl.com\/oc92u3","truncated":false,"id":1810437620,"in_reply_to_user_id":null,"source":"<a href=\"http:\/\/twitterfox.net\/\">TwitterFox<\/a>"},{"created_at":"Fri May 15 12:45:33 +0000 2009","favorited":false,"user":{"favourites_count":0,"created_at":"Tue Dec 02 00:17:07 +0000 2008","profile_sidebar_fill_color":"DAECF4","description":"Um dinossauro apaixonado por Padr\u00f5es Web.","utc_offset":-10800,"profile_image_url":"http:\/\/s3.amazonaws.com\/twitter_production\/profile_images\/82965021\/maujor320x320_normal.jpg","profile_sidebar_border_color":"C6E2EE","screen_name":"maujor","url":"http:\/\/www.maujor.com\/blog","name":"maujor","profile_text_color":"663B12","protected":false,"profile_background_image_url":"http:\/\/static.twitter.com\/images\/themes\/theme2\/bg.gif","following":0,"statuses_count":174,"time_zone":"Brasilia","profile_link_color":"1F98C7","followers_count":906,"profile_background_tile":false,"notifications":false,"friends_count":15,"profile_background_color":"C6E2EE","location":"Rio de Janeiro, Copacabana - B","id":17793871},"in_reply_to_screen_name":null,"in_reply_to_status_id":null,"text":"Entrevista do Ian Hickson (editor do HTML5). Ian aborda v\u00e1rios aspectos do seu trabalho no W3C.   http:\/\/tinyurl.com\/q4fwq9","truncated":false,"id":1805539223,"in_reply_to_user_id":null,"source":"<a href=\"http:\/\/twitterfox.net\/\">TwitterFox<\/a>"},{"favorited":false,"user":{"notifications":null,"friends_count":15,"profile_sidebar_fill_color":"DAECF4","description":"Um dinossauro apaixonado por Padr\u00f5es Web.","utc_offset":-10800,"favourites_count":0,"profile_sidebar_border_color":"C6E2EE","created_at":"Tue Dec 02 00:17:07 +0000 2008","url":"http:\/\/www.maujor.com\/blog","profile_image_url":"http:\/\/s3.amazonaws.com\/twitter_production\/profile_images\/82965021\/maujor320x320_normal.jpg","name":"maujor","profile_text_color":"663B12","protected":false,"profile_background_image_url":"http:\/\/static.twitter.com\/images\/themes\/theme2\/bg.gif","screen_name":"maujor","following":null,"statuses_count":177,"time_zone":"Brasilia","profile_link_color":"1F98C7","profile_background_tile":false,"profile_background_color":"C6E2EE","followers_count":905,"location":"Rio de Janeiro, Copacabana - B","id":17793871},"in_reply_to_screen_name":null,"in_reply_to_status_id":null,"created_at":"Thu May 14 22:14:31 +0000 2009","text":"Muito estranho! Do nada surgiu um cara na minha lista daqueles que sigo, sem eu ter solicitado. Bizarro \u00e9 que o unfollow est\u00e1 desabilitado.","truncated":false,"id":1799671422,"in_reply_to_user_id":null,"source":"<a href=\"http:\/\/twitterfox.net\/\">TwitterFox<\/a>"},{"favorited":false,"user":{"notifications":null,"friends_count":15,"profile_sidebar_fill_color":"DAECF4","description":"Um dinossauro apaixonado por Padr\u00f5es Web.","utc_offset":-10800,"favourites_count":0,"profile_sidebar_border_color":"C6E2EE","created_at":"Tue Dec 02 00:17:07 +0000 2008","url":"http:\/\/www.maujor.com\/blog","profile_image_url":"http:\/\/s3.amazonaws.com\/twitter_production\/profile_images\/82965021\/maujor320x320_normal.jpg","name":"maujor","profile_text_color":"663B12","protected":false,"profile_background_image_url":"http:\/\/static.twitter.com\/images\/themes\/theme2\/bg.gif","screen_name":"maujor","following":null,"statuses_count":177,"time_zone":"Brasilia","profile_link_color":"1F98C7","profile_background_tile":false,"profile_background_color":"C6E2EE","followers_count":905,"location":"Rio de Janeiro, Copacabana - B","id":17793871},"in_reply_to_screen_name":null,"in_reply_to_status_id":null,"created_at":"Thu May 14 20:38:24 +0000 2009","text":"Comecei  o Cap\u00edtulo 6  Requisi\u00e7\u00f5es JSON, do livro AJAX com jQuery. Abordarei requisi\u00e7\u00f5es para as APIs do Twitter,  Flickr e outros.","truncated":false,"id":1798723739,"in_reply_to_user_id":null,"source":"<a href=\"http:\/\/twitterfox.net\/\">TwitterFox<\/a>"}]