{"results":[{"text":"Gato ChukNorris:http:\/\/formiguinhaatomica3.no.sapo.pt\/ChuckNorrisCat.jpg","to_user_id":null,"from_user":"mariogogh","id":1912335325,"from_user_id":10117447,"iso_language_code":"pt","source":"&lt;a href=&quot;http:\/\/twitterfox.net\/&quot;&gt;TwitterFox&lt;\/a&gt;","profile_image_url":"http:\/\/s3.amazonaws.com\/twitter_production\/profile_images\/216537097\/jhgtf_normal.jpg","created_at":"Mon, 25 May 2009 13:36:42 +0000"},{"text":"Quero um gato branco com coleira rosa estilo princesa! pode ser gata, gato ou homo..o importante \u00e9 ser felino! ah =(","to_user_id":null,"from_user":"emanuelealves","id":1912324748,"from_user_id":15707599,"iso_language_code":"pt","source":"&lt;a href=&quot;http:\/\/twitter.com\/&quot;&gt;web&lt;\/a&gt;","profile_image_url":"http:\/\/s3.amazonaws.com\/twitter_production\/profile_images\/186591652\/imagem_normal.bmp","created_at":"Mon, 25 May 2009 13:35:08 +0000"},{"text":"@freddyvoorhees juas q bueno lo del gato xDDDDDDDDD","to_user_id":3441731,"to_user":"freddyvoorhees","from_user":"Nakya","id":1912303678,"from_user_id":108666,"iso_language_code":"es","source":"&lt;a href=&quot;http:\/\/twitter.com\/&quot;&gt;web&lt;\/a&gt;","profile_image_url":"http:\/\/s3.amazonaws.com\/twitter_production\/profile_images\/75988588\/333_normal.jpg","created_at":"Mon, 25 May 2009 13:32:01 +0000"},{"text":"@fabiociccone Basicamente segue o principio de que se nem um gato conseguiu ver, \u00e9 pq n\u00e3o est\u00e1 l\u00e1...","to_user_id":1055336,"to_user":"fabiociccone","from_user":"Saulodeoliveira","id":1912298938,"from_user_id":370812,"iso_language_code":"pt","source":"&lt;a href=&quot;http:\/\/twitterfox.net\/&quot;&gt;TwitterFox&lt;\/a&gt;","profile_image_url":"http:\/\/s3.amazonaws.com\/twitter_production\/profile_images\/199911301\/gir_suit_stand_normal.jpg","created_at":"Mon, 25 May 2009 13:31:20 +0000"},{"text":"@pepblog el d\u00eda que teng\u00e1is un gato ya podr\u00e9is hablar de 'puto'","to_user_id":4644132,"to_user":"pepblog","from_user":"dagi3d","id":1912298398,"from_user_id":11723426,"iso_language_code":"es","source":"&lt;a href=&quot;http:\/\/www.nambu.com&quot;&gt;Nambu&lt;\/a&gt;","profile_image_url":"http:\/\/s3.amazonaws.com\/twitter_production\/profile_images\/139759416\/dagi3d_normal.png","created_at":"Mon, 25 May 2009 13:31:15 +0000"},{"text":"Saldo do fds: vel\u00f3rio, gato, enterro, churrasco, anivers\u00e1rio, lanchonete, Guarulhos, confus\u00e3o, tudo resolvido e cama! Agora \u00e9 dia de branco.","to_user_id":null,"from_user":"De_Intanguidos","id":1912296445,"from_user_id":14445599,"iso_language_code":"pt","source":"&lt;a href=&quot;http:\/\/twitter.com\/&quot;&gt;web&lt;\/a&gt;","profile_image_url":"http:\/\/s3.amazonaws.com\/twitter_production\/profile_images\/191152372\/DSC02364_normal.JPG","created_at":"Mon, 25 May 2009 13:30:58 +0000"},{"text":"Come\u00e7ei bem a semana.. n\u00e3o fui na aula pq passei mal.. vomitei pelo quarto todo e pelo banheiro..parecia ra\u00e7\u00e3o de gato.. \u00c9cat!!","to_user_id":null,"from_user":"cahmoreira","id":1912286787,"from_user_id":14910111,"iso_language_code":"pt","source":"&lt;a href=&quot;http:\/\/twitter.com\/&quot;&gt;web&lt;\/a&gt;","profile_image_url":"http:\/\/static.twitter.com\/images\/default_profile_normal.png","created_at":"Mon, 25 May 2009 13:29:36 +0000"},{"text":"e por falar em lado humano rs... \u2724 Gato &quot;conta&quot; aventuras e faz sucesso no Twitter @Sockington.","to_user_id":null,"from_user":"renata_asher","id":1912282799,"from_user_id":3186771,"iso_language_code":"pt","source":"&lt;a href=&quot;http:\/\/twitter.com\/&quot;&gt;web&lt;\/a&gt;","profile_image_url":"http:\/\/s3.amazonaws.com\/twitter_production\/profile_images\/126009754\/ico_normal.jpg","created_at":"Mon, 25 May 2009 13:28:58 +0000"},{"text":"na verdade eu n\u00e3o sei ainda se \u00e9 um gato ou uma gata &gt;.o","to_user_id":null,"from_user":"julianabm2","id":1912263636,"from_user_id":17556038,"iso_language_code":"pt","source":"&lt;a href=&quot;http:\/\/twitter.com\/&quot;&gt;web&lt;\/a&gt;","profile_image_url":"http:\/\/static.twitter.com\/images\/default_profile_normal.png","created_at":"Mon, 25 May 2009 13:26:02 +0000"},{"text":"apareceu um gato por aqui, o bichinho t\u00e1 agora dormindo na minha mesa. espero arrumar uma casa pra ele logo =T","to_user_id":null,"from_user":"julianabm2","id":1912254129,"from_user_id":17556038,"iso_language_code":"pt","source":"&lt;a href=&quot;http:\/\/twitter.com\/&quot;&gt;web&lt;\/a&gt;","profile_image_url":"http:\/\/static.twitter.com\/images\/default_profile_normal.png","created_at":"Mon, 25 May 2009 13:24:37 +0000"},{"text":"@IainBluett I love Gato Bizco in Candler Park!","to_user_id":1303067,"to_user":"IainBluett","from_user":"driveafastercar","id":1912227140,"from_user_id":7265,"iso_language_code":"no","source":"&lt;a href=&quot;http:\/\/www.stone.com\/Twittelator&quot;&gt;Twittelator&lt;\/a&gt;","profile_image_url":"http:\/\/s3.amazonaws.com\/twitter_production\/profile_images\/111619280\/driveafastercar-icon100x100_normal.png","created_at":"Mon, 25 May 2009 13:20:30 +0000"},{"text":"A trabalhar enquanto o Manny dorme...francamente, a vida de gato \u00e9 muito jeitosa.","to_user_id":null,"from_user":"Misaozinha","id":1912212001,"from_user_id":14620200,"iso_language_code":"pt","source":"&lt;a href=&quot;http:\/\/twitter.com\/&quot;&gt;web&lt;\/a&gt;","profile_image_url":"http:\/\/s3.amazonaws.com\/twitter_production\/profile_images\/190520101\/Tittilloo_by_Mian_Ru_normal.jpg","created_at":"Mon, 25 May 2009 13:18:08 +0000"},{"text":"@Analycia @gato_Pardo tadinho do gato que nem espinhas v\u00ea. Vou at\u00e9 \u00e0 Portela e \u00e0 Gebalis levar a acta do condominio para assinarem. At\u00e9 j\u00e1","to_user_id":5078438,"to_user":"Analycia","from_user":"Grilinha","id":1912211109,"from_user_id":5134553,"iso_language_code":"pt","source":"&lt;a href=&quot;http:\/\/www.tweetdeck.com\/&quot;&gt;TweetDeck&lt;\/a&gt;","profile_image_url":"http:\/\/s3.amazonaws.com\/twitter_production\/profile_images\/203688300\/grilinha2009_normal.JPG","created_at":"Mon, 25 May 2009 13:18:01 +0000"},{"text":"@Vivi_Nogueira @mclaudiafcunha OH GOD! Se a Vi t\u00e1 postando no twitter, \u00e9 pq o gato subiu no telhado meeeesmo!","to_user_id":18668601,"to_user":"Vivi_Nogueira","from_user":"marianajanuzzi","id":1912210170,"from_user_id":14517093,"iso_language_code":"pt","source":"&lt;a href=&quot;http:\/\/www.twittergadget.com&quot;&gt;TwitterGadget&lt;\/a&gt;","profile_image_url":"http:\/\/s3.amazonaws.com\/twitter_production\/profile_images\/188631334\/eu_normal.JPG","created_at":"Mon, 25 May 2009 13:17:52 +0000"},{"text":"@isagut CINE \u00c9 MARA, FALAI. eu tava cantando prometa SOZINHA la. HAHAHAA mega funny. bruno gato (llll)","to_user_id":10788271,"to_user":"isagut","from_user":"tabathalacerda","id":1912136381,"from_user_id":10166711,"iso_language_code":"it","source":"&lt;a href=&quot;http:\/\/twitterhelp.blogspot.com\/2008\/05\/twitter-via-mobile-web-mtwittercom.html&quot;&gt;mobile web&lt;\/a&gt;","profile_image_url":"http:\/\/s3.amazonaws.com\/twitter_production\/profile_images\/205209889\/Sem_t_tulo_normal.jpg","created_at":"Mon, 25 May 2009 13:06:22 +0000"}],"since_id":0,"max_id":1912335325,"refresh_url":"?since_id=1912335325&q=gato","results_per_page":15,"next_page":"?page=2&max_id=1912335325&q=gato","completed_in":0.025165,"page":1,"query":"gato"}