[{
"in_reply_to_user_id":null,
"created_at":"Fri May 15 21:27:50 +0000 2009",

"user":{
"profile_background_image_url":"http:\/\/static.twitter.com\/images\/themes\/theme2\/bg.gif",
"description":"Um dinossauro apaixonado por Padr\u00f5es Web.",
"time_zone":"Brasilia",
"utc_offset":-10800,
"favourites_count":0,
"created_at":"Tue Dec 02 00:17:07 +0000 2008",
"profile_link_color":"1F98C7",
"followers_count":847,
"profile_background_tile":false,
"profile_image_url":"http:\/\/s3.amazonaws.com\/twitter_production\/profile_images\/82965021\/maujor320x320_normal.jpg",
"statuses_count":161,
"friends_count":15,
"profile_background_color":"C6E2EE",
"notifications":null,
"url":"http:\/\/www.maujor.com\/blog",
"screen_name":"maujor",
"name":"maujor",
"following":null,
"profile_sidebar_fill_color":"DAECF4",
"protected":false,
"profile_sidebar_border_color":"C6E2EE",
"location":"Rio de Janeiro,
 Copacabana - B",
"id":17793871,
"profile_text_color":"663B12"},
"favorited":false,
"text":"RT: @novateceditora: Lan\u00e7amento \"SEM e SEO - Dominando o Marketing de Busca\",
 por Martha Carrer Cruz Gabriel - http:\/\/tinyurl.com\/oc92u3",
"in_reply_to_screen_name":null,
"truncated":false,
"id":1810437620,
"in_reply_to_status_id":null,
"source":"<a href=\"http:\/\/twitterfox.net\/\">TwitterFox<\/a>"},
{"text":"Entrevista do Ian Hickson (editor do HTML5). Ian aborda v\u00e1rios aspectos do seu trabalho no W3C.   http:\/\/tinyurl.com\/q4fwq9",
"favorited":false,

"user":{
"friends_count":15,
"profile_background_color":"C6E2EE",
"profile_image_url":"http:\/\/s3.amazonaws.com\/twitter_production\/profile_images\/82965021\/maujor320x320_normal.jpg",
"description":"Um dinossauro apaixonado por Padr\u00f5es Web.",
"utc_offset":-10800,
"notifications":false,
"statuses_count":160,
"profile_background_image_url":"http:\/\/static.twitter.com\/images\/themes\/theme2\/bg.gif",
"profile_text_color":"663B12",
"screen_name":"maujor",
"following":false,
"profile_link_color":"1F98C7",
"url":"http:\/\/www.maujor.com\/blog",
"name":"maujor",
"protected":false,
"profile_sidebar_fill_color":"DAECF4",
"time_zone":"Brasilia",
"profile_sidebar_border_color":"C6E2EE",
"profile_background_tile":false,
"followers_count":839,
"location":"Rio de Janeiro,
 Copacabana - B",
"id":17793871,
"favourites_count":0,
"created_at":"Tue Dec 02 00:17:07 +0000 2008"},
"in_reply_to_screen_name":null,
"truncated":false,
"in_reply_to_status_id":null,
"id":1805539223,
"in_reply_to_user_id":null,
"source":"<a href=\"http:\/\/twitterfox.net\/\">TwitterFox<\/a>",
"created_at":"Fri May 15 12:45:33 +0000 2009"},
{"in_reply_to_screen_name":null,
"text":"Muito estranho! Do nada surgiu um cara na minha lista daqueles que sigo,
 sem eu ter solicitado. Bizarro \u00e9 que o unfollow est\u00e1 desabilitado.",

"user":{
"description":"Um dinossauro apaixonado por Padr\u00f5es Web.",
"utc_offset":-10800,
"profile_link_color":"1F98C7",
"following":null,
"profile_sidebar_fill_color":"DAECF4",
"url":"http:\/\/www.maujor.com\/blog",
"name":"maujor",
"time_zone":"Brasilia",
"profile_sidebar_border_color":"C6E2EE",
"protected":false,
"profile_background_tile":false,
"followers_count":837,
"favourites_count":0,
"created_at":"Tue Dec 02 00:17:07 +0000 2008",
"friends_count":15,
"profile_background_color":"C6E2EE",
"profile_image_url":"http:\/\/s3.amazonaws.com\/twitter_production\/profile_images\/82965021\/maujor320x320_normal.jpg",
"location":"Rio de Janeiro,
 Copacabana - B",
"id":17793871,
"notifications":null,
"statuses_count":159,
"profile_background_image_url":"http:\/\/static.twitter.com\/images\/themes\/theme2\/bg.gif",
"profile_text_color":"663B12",
"screen_name":"maujor"},
"truncated":false,
"in_reply_to_status_id":null,
"in_reply_to_user_id":null,
"created_at":"Thu May 14 22:14:31 +0000 2009",
"favorited":false,
"id":1799671422,
"source":"<a href=\"http:\/\/twitterfox.net\/\">TwitterFox<\/a>"},
{"in_reply_to_status_id":null,
"text":"Comecei  o Cap\u00edtulo 6  Requisi\u00e7\u00f5es JSON,
 do livro AJAX com jQuery. Abordarei requisi\u00e7\u00f5es para as APIs do Twitter,
  Flickr e outros.",

"user":{
"time_zone":"Brasilia",
"profile_sidebar_border_color":"C6E2EE",
"profile_image_url":"http:\/\/s3.amazonaws.com\/twitter_production\/profile_images\/82965021\/maujor320x320_normal.jpg",
"description":"Um dinossauro apaixonado por Padr\u00f5es Web.",
"profile_background_tile":false,
"utc_offset":-10800,
"followers_count":835,
"favourites_count":0,
"screen_name":"maujor",
"following":false,
"friends_count":15,
"profile_background_color":"C6E2EE",
"url":"http:\/\/www.maujor.com\/blog",
"name":"maujor",
"notifications":false,
"statuses_count":158,
"profile_background_image_url":"http:\/\/static.twitter.com\/images\/themes\/theme2\/bg.gif",
"profile_text_color":"663B12",
"protected":false,
"profile_link_color":"1F98C7",
"profile_sidebar_fill_color":"DAECF4",
"location":"Rio de Janeiro,
 Copacabana - B",
"id":17793871,
"created_at":"Tue Dec 02 00:17:07 +0000 2008"},
"in_reply_to_user_id":null,
"favorited":false,
"in_reply_to_screen_name":null,
"truncated":false,
"id":1798723739,
"source":"<a href=\"http:\/\/twitterfox.net\/\">TwitterFox<\/a>",
"created_at":"Thu May 14 20:38:24 +0000 2009"},
{"favorited":false,

"user":{
"profile_background_color":"C6E2EE",
"description":"Um dinossauro apaixonado por Padr\u00f5es Web.",
"utc_offset":-10800,
"screen_name":"maujor",
"profile_sidebar_fill_color":"DAECF4",
"followers_count":856,
"friends_count":15,
"profile_sidebar_border_color":"C6E2EE",
"url":"http:\/\/www.maujor.com\/blog",
"name":"maujor",
"following":null,
"protected":false,
"profile_text_color":"663B12",
"profile_background_image_url":"http:\/\/static.twitter.com\/images\/themes\/theme2\/bg.gif",
"favourites_count":0,
"notifications":null,
"statuses_count":161,
"time_zone":"Brasilia",
"created_at":"Tue Dec 02 00:17:07 +0000 2008",
"profile_link_color":"1F98C7",
"location":"Rio de Janeiro,
 Copacabana - B",
"id":17793871,
"profile_background_tile":false,
"profile_image_url":"http:\/\/s3.amazonaws.com\/twitter_production\/profile_images\/82965021\/maujor320x320_normal.jpg"},
"in_reply_to_screen_name":"luishsilva",
"text":"@luishsilva Bem-vindo ao maravilhoso mundo da programa\u00e7\u00e3o. Sucesso!",
"truncated":false,
"in_reply_to_status_id":null,
"in_reply_to_user_id":38646734,
"id":1798108519,
"created_at":"Thu May 14 19:17:11 +0000 2009",
"source":"<a href=\"http:\/\/twitterfox.net\/\">TwitterFox<\/a>"},
{"favorited":false,

"user":{
"profile_background_color":"C6E2EE",
"description":"Um dinossauro apaixonado por Padr\u00f5es Web.",
"utc_offset":-10800,
"screen_name":"maujor",
"profile_sidebar_fill_color":"DAECF4",
"followers_count":856,
"friends_count":15,
"profile_sidebar_border_color":"C6E2EE",
"url":"http:\/\/www.maujor.com\/blog",
"name":"maujor",
"following":null,
"protected":false,
"profile_text_color":"663B12",
"profile_background_image_url":"http:\/\/static.twitter.com\/images\/themes\/theme2\/bg.gif",
"favourites_count":0,
"notifications":null,
"statuses_count":161,
"time_zone":"Brasilia",
"created_at":"Tue Dec 02 00:17:07 +0000 2008",
"profile_link_color":"1F98C7",
"location":"Rio de Janeiro,
 Copacabana - B",
"id":17793871,
"profile_background_tile":false,
"profile_image_url":"http:\/\/s3.amazonaws.com\/twitter_production\/profile_images\/82965021\/maujor320x320_normal.jpg"},
"in_reply_to_screen_name":"mateusmiranda",
"text":"@mateusmiranda O livro AJAX com jQuery ser\u00e1 lan\u00e7ado no final de julho\/2009. N\u00e3o haver\u00e1 vendas antecipada.",
"truncated":false,
"in_reply_to_status_id":null,
"in_reply_to_user_id":14726683,
"id":1797649800,
"created_at":"Thu May 14 18:31:06 +0000 2009",
"source":"<a href=\"http:\/\/twitterfox.net\/\">TwitterFox<\/a>"},
{"in_reply_to_screen_name":null,
"text":"Terminei de escreverv o Cap\u00edtulo 5 do livro \"AJAX com jQuery\". No\u00e7\u00f5es de JSON com 6 exemplos pr\u00e1ticos on-line.",

"user":{
"profile_background_image_url":"http:\/\/static.twitter.com\/images\/themes\/theme2\/bg.gif",
"profile_link_color":"1F98C7",
"description":"Um dinossauro apaixonado por Padr\u00f5es Web.",
"utc_offset":-10800,
"profile_sidebar_fill_color":"DAECF4",
"following":false,
"notifications":false,
"profile_sidebar_border_color":"C6E2EE",
"url":"http:\/\/www.maujor.com\/blog",
"name":"maujor",
"profile_background_tile":false,
"time_zone":"Brasilia",
"followers_count":832,
"protected":false,
"statuses_count":155,
"created_at":"Tue Dec 02 00:17:07 +0000 2008",
"friends_count":15,
"profile_background_color":"C6E2EE",
"profile_image_url":"http:\/\/s3.amazonaws.com\/twitter_production\/profile_images\/82965021\/maujor320x320_normal.jpg",
"favourites_count":0,
"profile_text_color":"663B12",
"location":"Rio de Janeiro,
 Copacabana - B",
"id":17793871,
"screen_name":"maujor"},
"truncated":false,
"in_reply_to_status_id":null,
"in_reply_to_user_id":null,
"created_at":"Thu May 14 17:51:55 +0000 2009",
"favorited":false,
"id":1797268867,
"source":"<a href=\"http:\/\/twitterfox.net\/\">TwitterFox<\/a>"},
{"in_reply_to_screen_name":null,
"text":"@mailkelneris A  falha foi minha. Publiquei que estava escrevendo o 5o. Cap. do livro,
 mas n\u00e3o citei o nome do livro. A\u00ed veio a pergunta.",

"user":{
"description":"Um dinossauro apaixonado por Padr\u00f5es Web.",
"utc_offset":-10800,
"profile_link_color":"1F98C7",
"following":false,
"profile_sidebar_fill_color":"DAECF4",
"url":"http:\/\/www.maujor.com\/blog",
"name":"maujor",
"time_zone":"Brasilia",
"profile_sidebar_border_color":"C6E2EE",
"protected":false,
"profile_background_tile":false,
"followers_count":824,
"favourites_count":0,
"created_at":"Tue Dec 02 00:17:07 +0000 2008",
"friends_count":15,
"profile_background_color":"C6E2EE",
"profile_image_url":"http:\/\/s3.amazonaws.com\/twitter_production\/profile_images\/82965021\/maujor320x320_normal.jpg",
"location":"Rio de Janeiro,
 Copacabana - B",
"id":17793871,
"notifications":false,
"statuses_count":154,
"profile_background_image_url":"http:\/\/static.twitter.com\/images\/themes\/theme2\/bg.gif",
"profile_text_color":"663B12",
"screen_name":"maujor"},
"truncated":false,
"in_reply_to_status_id":null,
"in_reply_to_user_id":null,
"created_at":"Thu May 14 00:47:43 +0000 2009",
"favorited":false,
"id":1790085306,
"source":"<a href=\"http:\/\/twitterfox.net\/\">TwitterFox<\/a>"},
{"text":"@rafaeldesigner Na p\u00e1gina do mouse gesture click no link de texto \"clicking here\" depois clique em um ponto na tela e arraste para a direita",
"in_reply_to_status_id":null,

"user":{
"description":"Um dinossauro apaixonado por Padr\u00f5es Web.",
"time_zone":"Brasilia",
"utc_offset":-10800,
"friends_count":15,
"profile_background_color":"C6E2EE",
"statuses_count":153,
"following":false,
"favourites_count":0,
"profile_text_color":"663B12",
"url":"http:\/\/www.maujor.com\/blog",
"name":"maujor",
"profile_background_image_url":"http:\/\/static.twitter.com\/images\/themes\/theme2\/bg.gif",
"profile_link_color":"1F98C7",
"protected":false,
"created_at":"Tue Dec 02 00:17:07 +0000 2008",
"profile_sidebar_fill_color":"DAECF4",
"profile_image_url":"http:\/\/s3.amazonaws.com\/twitter_production\/profile_images\/82965021\/maujor320x320_normal.jpg",
"notifications":false,
"profile_sidebar_border_color":"C6E2EE",
"location":"Rio de Janeiro,
 Copacabana - B",
"id":17793871,
"profile_background_tile":false,
"followers_count":811,
"screen_name":"maujor"},
"in_reply_to_user_id":21772263,
"favorited":false,
"in_reply_to_screen_name":"rafaeldesigner",
"created_at":"Wed May 13 00:55:56 +0000 2009",
"id":1779459967,
"truncated":false,
"source":"<a href=\"http:\/\/twitterfox.net\/\">TwitterFox<\/a>"},
{"in_reply_to_user_id":null,
"text":"Plugin jQuery para \"mouse gestures\". Bem interessante http:\/\/tinyurl.com\/74t7hw",

"user":{
"favourites_count":0,
"profile_text_color":"663B12",
"description":"Um dinossauro apaixonado por Padr\u00f5es Web.",
"utc_offset":-10800,
"profile_background_image_url":"http:\/\/static.twitter.com\/images\/themes\/theme2\/bg.gif",
"profile_link_color":"1F98C7",
"following":false,
"profile_sidebar_fill_color":"DAECF4",
"url":"http:\/\/www.maujor.com\/blog",
"name":"maujor",
"protected":false,
"notifications":false,
"profile_sidebar_border_color":"C6E2EE",
"profile_background_tile":false,
"created_at":"Tue Dec 02 00:17:07 +0000 2008",
"followers_count":811,
"profile_image_url":"http:\/\/s3.amazonaws.com\/twitter_production\/profile_images\/82965021\/maujor320x320_normal.jpg",
"time_zone":"Brasilia",
"friends_count":15,
"profile_background_color":"C6E2EE",
"location":"Rio de Janeiro,
 Copacabana - B",
"id":17793871,
"statuses_count":152,
"screen_name":"maujor"},
"favorited":false,
"in_reply_to_screen_name":null,
"truncated":false,
"created_at":"Tue May 12 23:45:14 +0000 2009",
"in_reply_to_status_id":null,
"id":1778841621,
"source":"<a href=\"http:\/\/twitterfox.net\/\">TwitterFox<\/a>"
}]